	RI	ARI	MI	AMI	VI	NVI	ID	NID	NMI	Chi2	MARI	MARIraw	F.score	AUC	ACC	Purity
Raw	0.986306340718105	0.954926666537976	1.69803353107915	0.944859363175989	0.18739243430492	0.099389972210735	0.099094800666952	0.055140636824011	0.944859363175989	3116.44350068422	0.954941159108231	0.145106250053075	0.9636925258254	0.980826366420206	0.986330750092939	0.971479500891265
SCDD	0.992332286449934	0.974923456840205	1.73232256163345	0.967029115151483	0.104583112402605	0.056237690595184	0.059103791894034	0.032970884848517	0.967029115151483	3184.09710848858	0.974931294395331	0.148916389656354	0.979837806389683	0.988291535171083	0.992345954388525	0.983164983164983
SCDD(Diffusion)	0.991322892793481	0.971519220160094	1.72681700825691	0.962673337103508	0.126469699806892	0.068240763426734	0.066955543346689	0.037326662896492	0.962673337103508	3192.70810699103	0.971528597672604	0.148044302477028	0.977077026572486	0.987717777699	0.991338360007753	0.980392156862745
MAGIC	0.909784823020117	0.705780270979981	1.3160384960058	0.733803802390031	0.947701537954108	0.418644156898315	0.47740886924279	0.266196197609969	0.733803802390031	2161.68729339372	0.705850333502968	0.10824151785826	0.76363545384795	0.853103076618024	0.909945634387283	0.857397504456328
SAVER	0.99128469569646	0.971436990829418	1.72583883897568	0.963266767905687	0.126305494784223	0.068194196576365	0.065813169042784	0.036733232094313	0.963266767905687	3211.10213644604	0.97144650072901	0.148255942084546	0.977020948032765	0.986938611520785	0.991300230998249	0.982174688057041
DCA	0.913330786860199	0.682699700518229	1.57870447292902	0.780248611320487	0.652257409750642	0.292366003567573	0.444630717962553	0.219751388679513	0.780248611320487	2548.65612775437	0.682709597127807	0.093242504422505	0.735727458021935	0.897637089564347	0.913485277436205	0.92156862745098
